region,numArticles,population,articleCoverage,goodArticleCoverage,goodArticles
AFRICA,6851,1284.0,5.335669781931464,0.01824551160414538,125
ASIA,11531,4536.0,2.5421075837742504,0.026884051686757438,310
EUROPE,15864,746.0,21.265415549597854,0.020297528996469996,322
LATIN AMERICA AND THE CARIBBEAN,5169,649.0,7.964560862865947,0.013348810214741729,69
NORTHERN AMERICA,1921,365.0,5.263013698630137,0.05153565851119209,99
OCEANIA,3128,41.0,76.29268292682927,0.021099744245524295,66
